<?xml version='1.0' encoding='utf-8'?>
<project xmlns:ns1="http://www.plcopen.org/xml/tc6_0201" xmlns:xhtml="http://www.w3.org/1999/xhtml" xmlns:xsd="http://www.w3.org/2001/XMLSchema" xmlns="http://www.plcopen.org/xml/tc6_0201">
  <fileHeader companyName="Unbekannt" productName="OpenPLC" productVersion="1" creationDateTime="2022-03-23T02:40:28"/>
  <contentHeader name="OpenPLC" modificationDateTime="2022-12-03T03:18:40">
    <coordinateInfo>
      <fbd>
        <scaling x="10" y="10"/>
      </fbd>
      <ld>
        <scaling x="10" y="10"/>
      </ld>
      <sfc>
        <scaling x="10" y="10"/>
      </sfc>
    </coordinateInfo>
  </contentHeader>
  <types>
    <dataTypes>
      <dataType name="AXIS_REF">
        <baseType>
          <struct>
            <variable name="IN_xPowered">
              <type>
                <BOOL/>
              </type>
            </variable>
            <variable name="IN_xRunning">
              <type>
                <BOOL/>
              </type>
            </variable>
            <variable name="IN_xAck">
              <type>
                <BOOL/>
              </type>
            </variable>
            <variable name="IN_xSwitch">
              <type>
                <BOOL/>
              </type>
            </variable>
            <variable name="IN_rActualPosition">
              <type>
                <REAL/>
              </type>
            </variable>
            <variable name="IN_rActualSpeed">
              <type>
                <REAL/>
              </type>
            </variable>
            <variable name="OUT_xPowerOnReq">
              <type>
                <BOOL/>
              </type>
            </variable>
            <variable name="OUT_xStartReq">
              <type>
                <BOOL/>
              </type>
            </variable>
            <variable name="OUT_xStopReq">
              <type>
                <BOOL/>
              </type>
            </variable>
            <variable name="OUT_iModeReq">
              <type>
                <INT/>
              </type>
            </variable>
            <variable name="OUT_rTargetPosition">
              <type>
                <REAL/>
              </type>
            </variable>
            <variable name="OUT_rTargetSpeed">
              <type>
                <REAL/>
              </type>
            </variable>
            <variable name="OUT_rTargetAcc">
              <type>
                <REAL/>
              </type>
            </variable>
            <variable name="OUT_rTargetDec">
              <type>
                <REAL/>
              </type>
            </variable>
            <variable name="INTERN_tErrorTime">
              <type>
                <TIME/>
              </type>
              <initialValue>
                <simpleValue value="t#500ms"/>
              </initialValue>
            </variable>
            <variable name="INTERN_xErrorStop">
              <type>
                <BOOL/>
              </type>
            </variable>
            <variable name="INTERN_xStillstand">
              <type>
                <BOOL/>
              </type>
            </variable>
            <variable name="INTERN_xReset">
              <type>
                <BOOL/>
              </type>
            </variable>
            <variable name="INTERN_xReady">
              <type>
                <BOOL/>
              </type>
            </variable>
            <variable name="INTERN_xBusy">
              <type>
                <BOOL/>
              </type>
            </variable>
            <variable name="INTERN_xReqValueCheck">
              <type>
                <BOOL/>
              </type>
            </variable>
            <variable name="INTERN_xValuesOK">
              <type>
                <BOOL/>
              </type>
            </variable>
            <variable name="INTERN_xRef">
              <type>
                <BOOL/>
              </type>
            </variable>
          </struct>
        </baseType>
      </dataType>
    </dataTypes>
    <pous>
      <pou name="MC_MoveRelative" pouType="functionBlock">
        <interface>
          <inputVars>
            <variable name="I_xExecute">
              <type>
                <BOOL/>
              </type>
            </variable>
            <variable name="I_rPosition">
              <type>
                <REAL/>
              </type>
            </variable>
            <variable name="I_rVelocity">
              <type>
                <REAL/>
              </type>
            </variable>
            <variable name="I_rAcceleration">
              <type>
                <REAL/>
              </type>
            </variable>
            <variable name="I_rDeceleration">
              <type>
                <REAL/>
              </type>
            </variable>
          </inputVars>
          <outputVars>
            <variable name="Q_xDone">
              <type>
                <BOOL/>
              </type>
            </variable>
            <variable name="Q_xBusy">
              <type>
                <BOOL/>
              </type>
            </variable>
            <variable name="Q_xActive">
              <type>
                <BOOL/>
              </type>
            </variable>
            <variable name="Q_xError">
              <type>
                <BOOL/>
              </type>
            </variable>
          </outputVars>
          <inOutVars>
            <variable name="Axis">
              <type>
                <derived name="AXIS_REF"/>
              </type>
            </variable>
          </inOutVars>
          <localVars>
            <variable name="rTargetPos">
              <type>
                <REAL/>
              </type>
            </variable>
            <variable name="iState">
              <type>
                <INT/>
              </type>
            </variable>
            <variable name="inst_Timeout">
              <type>
                <derived name="FB_StepTimeout"/>
              </type>
            </variable>
          </localVars>
        </interface>
        <body>
          <ST>
            <xhtml:p><![CDATA[CASE iState OF
	(*idle*)
	0:
	rTargetPos := 0.0;
	
	IF Axis.INTERN_xReady
		AND I_xExecute
		AND (I_rVelocity <> 0.0)
		AND (I_rPosition <> 0.0)
		AND (I_rAcceleration <> 0.0)
		AND (I_rDeceleration <> 0.0)		
		AND NOT Axis.IN_xRunning 
		AND Axis.INTERN_xRef
		THEN
		iState := 10;
	END_IF;
	
	10:
	Axis.OUT_iModeReq := 50;
	
	Axis.OUT_rTargetPosition := I_rPosition;
	rTargetPos				:= Axis.IN_rActualPosition + Axis.OUT_rTargetPosition;
	Axis.OUT_rTargetSpeed 	:= I_rVelocity;
	
	Axis.OUT_rTargetAcc 	:= I_rAcceleration;
	Axis.OUT_rTargetDec 	:= I_rDeceleration;
	
	Axis.INTERN_xReqValueCheck := TRUE;
	
	IF Axis.INTERN_xValuesOK THEN
		iState := 20;
	END_IF;
	
	20:
	Axis.INTERN_xReqValueCheck := FALSE;
	Axis.OUT_xStartReq := TRUE;
	
	IF  Axis.IN_xAck THEN
		iState := 30;
		Axis.OUT_xStartReq := FALSE;
	END_IF;
	
	30:
	Axis.OUT_xStartReq := FALSE;
	

	IF NOT I_xExecute THEN
		iState := 0;
	END_IF;
	
END_CASE;

(*timeout*)
inst_Timeout(I_xEnable:= iState <> 0 AND iState <> 30  , I_iStep:= iState);
IF inst_Timeout.Q_xError THEN
	iState := 0;
END_IF;
(*Error*)
IF inst_Timeout.Q_xError THEN
	Q_xError := TRUE;
	Axis.INTERN_xErrorStop := TRUE;
ELSIF Axis.INTERN_xReset THEN
	Q_xError := FALSE;
END_IF;

(* outputs*)
Q_xDone	:= iState <> 0 AND iState = 30 AND (axis.IN_rActualPosition = rTargetPos);
Q_xBusy := iState <> 0;]]></xhtml:p>
          </ST>
        </body>
      </pou>
      <pou name="MC_ReadActualPosition" pouType="functionBlock">
        <interface>
          <returnType>
            <BOOL/>
          </returnType>
          <inputVars>
            <variable name="I_xEnable">
              <type>
                <BOOL/>
              </type>
            </variable>
          </inputVars>
          <outputVars>
            <variable name="Q_xValid">
              <type>
                <BOOL/>
              </type>
            </variable>
            <variable name="Q_xBusy">
              <type>
                <BOOL/>
              </type>
            </variable>
            <variable name="Q_xError">
              <type>
                <BOOL/>
              </type>
            </variable>
            <variable name="Q_rPosition">
              <type>
                <REAL/>
              </type>
            </variable>
          </outputVars>
          <inOutVars>
            <variable name="Axis">
              <type>
                <derived name="AXIS_REF"/>
              </type>
            </variable>
          </inOutVars>
        </interface>
        <body>
          <ST>
            <xhtml:p><![CDATA[IF I_xEnable THEN
  Q_rPosition := Axis.IN_rActualPosition;
  Q_xValid := TRUE;
else
  Q_rPosition := 0.0;
  Q_xValid := FALSE;
end_IF; 


]]></xhtml:p>
          </ST>
        </body>
      </pou>
      <pou name="PRG_MAIN" pouType="program">
        <interface>
          <localVars>
            <variable name="MyPower">
              <type>
                <derived name="MC_Power"/>
              </type>
            </variable>
            <variable name="MyModbusAxis">
              <type>
                <derived name="MC_AxisModbus"/>
              </type>
            </variable>
            <variable name="MyMoveVelocity">
              <type>
                <derived name="MC_MoveVelocity"/>
              </type>
            </variable>
            <variable name="MyReset">
              <type>
                <derived name="MC_Reset"/>
              </type>
            </variable>
            <variable name="MyAxis">
              <type>
                <derived name="AXIS_REF"/>
              </type>
            </variable>
            <variable name="Status">
              <type>
                <BOOL/>
              </type>
            </variable>
            <variable name="Busy">
              <type>
                <BOOL/>
              </type>
            </variable>
            <variable name="Error">
              <type>
                <BOOL/>
              </type>
            </variable>
            <variable name="Dummy">
              <type>
                <BOOL/>
              </type>
            </variable>
          </localVars>
          <localVars>
            <variable name="xSwitchPower" address="%QX0.0">
              <type>
                <BOOL/>
              </type>
            </variable>
            <variable name="xButtonStop" address="%QX0.1">
              <type>
                <BOOL/>
              </type>
            </variable>
            <variable name="xButtonSpeed" address="%QX0.2">
              <type>
                <BOOL/>
              </type>
            </variable>
            <variable name="xButtonRel" address="%QX0.3">
              <type>
                <BOOL/>
              </type>
            </variable>
            <variable name="xButtonAbs" address="%QX0.4">
              <type>
                <BOOL/>
              </type>
            </variable>
            <variable name="xButtonReset" address="%QX0.5">
              <type>
                <BOOL/>
              </type>
            </variable>
            <variable name="xStatusPower" address="%QX1.0">
              <type>
                <BOOL/>
              </type>
            </variable>
            <variable name="xStatusRunning" address="%QX1.1">
              <type>
                <BOOL/>
              </type>
            </variable>
            <variable name="xStatusError" address="%QX1.2">
              <type>
                <BOOL/>
              </type>
            </variable>
            <variable name="iInputSpeed" address="%QW10">
              <type>
                <INT/>
              </type>
            </variable>
            <variable name="iInputPosition" address="%QW11">
              <type>
                <INT/>
              </type>
            </variable>
            <variable name="iActualSpeed" address="%QW20">
              <type>
                <INT/>
              </type>
            </variable>
            <variable name="iActualPosition" address="%QW21">
              <type>
                <INT/>
              </type>
            </variable>
            <variable name="xMB_LifeBit" address="%QX100.0">
              <type>
                <BOOL/>
              </type>
            </variable>
            <variable name="xMB_PowerOnReq" address="%QX100.1">
              <type>
                <BOOL/>
              </type>
            </variable>
            <variable name="xMB_StartReq" address="%QX100.2">
              <type>
                <BOOL/>
              </type>
            </variable>
            <variable name="xMB_StopReq" address="%QX100.3">
              <type>
                <BOOL/>
              </type>
            </variable>
            <variable name="xMB_ModeReq" address="%QW100">
              <type>
                <WORD/>
              </type>
            </variable>
            <variable name="xMB_TargetPositionL" address="%QW101">
              <type>
                <WORD/>
              </type>
            </variable>
            <variable name="xMB_TargetPositionH" address="%QW102">
              <type>
                <WORD/>
              </type>
            </variable>
            <variable name="xMB_TargetSpeed" address="%QW103">
              <type>
                <WORD/>
              </type>
            </variable>
            <variable name="xMB_TargetAcc" address="%QW104">
              <type>
                <WORD/>
              </type>
            </variable>
            <variable name="xMB_TargetDec" address="%QW105">
              <type>
                <WORD/>
              </type>
            </variable>
            <variable name="xMB_LifeBitFB" address="%IX100.0">
              <type>
                <BOOL/>
              </type>
            </variable>
            <variable name="xMB_Powered" address="%IX100.1">
              <type>
                <BOOL/>
              </type>
            </variable>
            <variable name="xMB_Running" address="%IX100.2">
              <type>
                <BOOL/>
              </type>
            </variable>
            <variable name="xMB_ActualPositionL" address="%IW100">
              <type>
                <WORD/>
              </type>
            </variable>
            <variable name="xMB_ActualPositionH" address="%IW101">
              <type>
                <WORD/>
              </type>
            </variable>
            <variable name="xMB_ActualSpeed" address="%IW102">
              <type>
                <WORD/>
              </type>
            </variable>
            <variable name="xMB_CheckSum" address="%IW103">
              <type>
                <WORD/>
              </type>
            </variable>
          </localVars>
          <localVars>
            <variable name="asdasd">
              <type>
                <derived name="MC_Reset"/>
              </type>
            </variable>
            <variable name="MyStop">
              <type>
                <derived name="MC_Stop"/>
              </type>
            </variable>
            <variable name="MyReadVelocity">
              <type>
                <derived name="MC_ReadActualVelocity"/>
              </type>
            </variable>
            <variable name="MyMoveAbsolute">
              <type>
                <derived name="MC_MoveAbsolute"/>
              </type>
            </variable>
            <variable name="MyReadPosition">
              <type>
                <derived name="MC_ReadActualPosition"/>
              </type>
            </variable>
            <variable name="MyMoveRelative">
              <type>
                <derived name="MC_MoveRelative"/>
              </type>
            </variable>
          </localVars>
        </interface>
        <body>
          <ST>
            <xhtml:p><![CDATA[MyPower(
     I_xEnable := xSwitchPower,
     Axis := MyAxis,
     Q_xStatus => Status,
     Q_xBusy => Busy,
     Q_xError => Error);
xStatusPower := MyPower.Q_xStatus ;

MyReset(
     I_xExecute := xButtonReset,
     Axis := MyAxis,
     Q_xError => xStatusError
    );

MyStop(
     I_xExecute := xButtonStop,
     I_rDeceleration := 1000.0,
     Axis := MyAxis);

MyMoveVelocity(
	I_xExecute:= xButtonSpeed, 
	I_rVelocity:= INT_TO_REAL(iInputSpeed), 
	I_rAcceleration:= 1000.0, 
	I_rDeceleration:= 1000.0, 
	I_xDirection:= false , 
	Axis:=MyAxis );


MyMoveAbsolute(
     I_xExecute := xButtonAbs,
     I_rPosition := INT_TO_REAL(iInputPosition),
     I_rVelocity := INT_TO_REAL(iInputSpeed),
     I_rAcceleration := 1000.0,
     I_rDeceleration := 1000.0,
     Axis := MyAxis);

MyMoveRelative(
     I_xExecute := xButtonRel,
     I_rPosition := INT_TO_REAL(iInputPosition),
     I_rVelocity := INT_TO_REAL(iInputSpeed),
     I_rAcceleration := 1000.0,
     I_rDeceleration := 1000.0,
     Axis := MyAxis);



MyReadVelocity(
     I_xEnable := true,
     Axis := MyAxis);
iActualSpeed := REAL_TO_INT(ABS(MyReadVelocity.Q_rVelocity));

MyReadPosition(
     I_xEnable := true,
     Axis := MyAxis);
iActualPosition := REAL_TO_INT(MyReadPosition.Q_rPosition);


xStatusRunning:=MyAxis.IN_xRunning;

 MyModbusAxis(
     I_rUnitsPerTurn := 1.0,
     I_iFullSteps := 200,
     I_iMicrostepping := 8,
     HW_I_xLifeBitFB := xMB_LifeBitFB,
     HW_I_xPowered := xMB_Powered,
     HW_I_xRunning := xMB_Running,
     HW_I_wActualPositionL := xMB_ActualPositionL,
     HW_I_wActualPositionH := xMB_ActualPositionH,
     HW_I_wActualSpeed := xMB_ActualSpeed,
     HW_I_wCheckSum := xMB_CheckSum,
     HW_Q_xLifeBit => xMB_LifeBit,
     HW_Q_xPowerOnReq => xMB_PowerOnReq,
     HW_Q_xStartReq => xMB_StartReq,   
     HW_Q_xStopReq => xMB_StopReq,
     HW_Q_wModeReq => xMB_ModeReq, 
     HW_Q_wTargetPositionL=> xMB_TargetPositionL,
     HW_Q_wTargetPositionH=> xMB_TargetPositionH,
     HW_Q_wTargetSpeed => xMB_TargetSpeed,
     HW_Q_wTargetAcc=>xMB_TargetAcc,
     HW_Q_wTargetDec=>xMB_TargetDec,
     Axis := MyAxis);]]></xhtml:p>
          </ST>
        </body>
      </pou>
      <pou name="MC_Power" pouType="functionBlock">
        <interface>
          <inputVars>
            <variable name="I_xEnable">
              <type>
                <BOOL/>
              </type>
            </variable>
          </inputVars>
          <outputVars>
            <variable name="Q_xStatus">
              <type>
                <BOOL/>
              </type>
            </variable>
            <variable name="Q_xBusy">
              <type>
                <BOOL/>
              </type>
            </variable>
            <variable name="Q_xError">
              <type>
                <BOOL/>
              </type>
            </variable>
          </outputVars>
          <localVars>
            <variable name="ton_Error">
              <type>
                <derived name="TON"/>
              </type>
            </variable>
          </localVars>
          <inOutVars>
            <variable name="Axis">
              <type>
                <derived name="AXIS_REF"/>
              </type>
            </variable>
          </inOutVars>
        </interface>
        <body>
          <ST>
            <xhtml:p><![CDATA[(* timeout error *)
ton_Error(	IN		:= Axis.OUT_xPowerOnReq <> Axis.IN_xPowered, 
			PT		:= Axis.INTERN_tErrorTime);

(* reset global error *)
IF ton_Error.Q THEN
	Axis.INTERN_xErrorStop := TRUE;
END_IF;

(* block outputs *)
Q_xStatus 			:= Axis.IN_xPowered AND Axis.IN_xPowered;
Q_xError			:= ton_Error.Q;
Q_xBusy				:= (Axis.OUT_xPowerOnReq <> Axis.IN_xPowered) AND NOT ton_Error.Q;

(* outputs to axis *)
Axis.OUT_xPowerOnReq 	:= I_xEnable AND NOT Axis.INTERN_xErrorStop;]]></xhtml:p>
          </ST>
        </body>
      </pou>
      <pou name="MC_AxisModbus" pouType="functionBlock">
        <interface>
          <inputVars>
            <variable name="I_rUnitsPerTurn">
              <type>
                <REAL/>
              </type>
              <initialValue>
                <simpleValue value="1.0"/>
              </initialValue>
            </variable>
            <variable name="I_iFullSteps">
              <type>
                <INT/>
              </type>
              <initialValue>
                <simpleValue value="200"/>
              </initialValue>
            </variable>
            <variable name="I_iMicrostepping">
              <type>
                <INT/>
              </type>
              <initialValue>
                <simpleValue value="1"/>
              </initialValue>
            </variable>
            <variable name="HW_I_xLifeBitFB">
              <type>
                <BOOL/>
              </type>
            </variable>
            <variable name="HW_I_xPowered">
              <type>
                <BOOL/>
              </type>
            </variable>
            <variable name="HW_I_xRunning">
              <type>
                <BOOL/>
              </type>
            </variable>
            <variable name="HW_I_xAck">
              <type>
                <BOOL/>
              </type>
            </variable>
            <variable name="HW_I_xSwitch">
              <type>
                <BOOL/>
              </type>
            </variable>
            <variable name="HW_I_wActualPositionL">
              <type>
                <WORD/>
              </type>
            </variable>
            <variable name="HW_I_wActualPositionH">
              <type>
                <WORD/>
              </type>
            </variable>
            <variable name="HW_I_wActualSpeed">
              <type>
                <WORD/>
              </type>
            </variable>
            <variable name="HW_I_wCheckSum">
              <type>
                <WORD/>
              </type>
            </variable>
          </inputVars>
          <outputVars>
            <variable name="HW_Q_xLifeBit">
              <type>
                <BOOL/>
              </type>
            </variable>
            <variable name="HW_Q_xPowerOnReq">
              <type>
                <BOOL/>
              </type>
            </variable>
            <variable name="HW_Q_xStartReq">
              <type>
                <BOOL/>
              </type>
            </variable>
            <variable name="HW_Q_xStopReq">
              <type>
                <BOOL/>
              </type>
            </variable>
            <variable name="HW_Q_wModeReq">
              <type>
                <WORD/>
              </type>
            </variable>
            <variable name="HW_Q_wTargetPositionL">
              <type>
                <WORD/>
              </type>
            </variable>
            <variable name="HW_Q_wTargetPositionH">
              <type>
                <WORD/>
              </type>
            </variable>
            <variable name="HW_Q_wTargetSpeed">
              <type>
                <WORD/>
              </type>
            </variable>
            <variable name="HW_Q_wTargetAcc">
              <type>
                <WORD/>
              </type>
            </variable>
            <variable name="HW_Q_wTargetDec">
              <type>
                <WORD/>
              </type>
            </variable>
          </outputVars>
          <inOutVars>
            <variable name="Axis">
              <type>
                <derived name="AXIS_REF"/>
              </type>
            </variable>
          </inOutVars>
          <localVars>
            <variable name="rMicroStepsPerTurn">
              <type>
                <REAL/>
              </type>
            </variable>
            <variable name="rMicroStepsPerUnit">
              <type>
                <REAL/>
              </type>
            </variable>
            <variable name="tmpDINT">
              <type>
                <DINT/>
              </type>
            </variable>
            <variable name="internChecksum">
              <type>
                <INT/>
              </type>
            </variable>
            <variable name="TOF_Connected">
              <type>
                <derived name="TOF"/>
              </type>
            </variable>
          </localVars>
        </interface>
        <body>
          <ST>
            <xhtml:p><![CDATA[rMicroStepsPerTurn := INT_TO_REAL(I_iFullSteps * I_iMicrostepping);
rMicroStepsPerUnit := rMicroStepsPerTurn / I_rUnitsPerTurn;

(* lifebit and errors*)
TOF_Connected(IN:= HW_Q_xLifeBit = HW_I_xLifeBitFB, PT:=axis.INTERN_tErrorTime);
IF NOT TOF_Connected.Q THEN
	axis.INTERN_xErrorStop := TRUE;
END_IF;
HW_Q_xLifeBit := NOT HW_I_xLifeBitFB;

IF axis.INTERN_xErrorStop THEN
	axis.OUT_xStartReq 	:= FALSE;
	axis.OUT_xStopReq 	:= FALSE;
END_IF;


(* power *)
HW_Q_xPowerOnReq := axis.OUT_xPowerOnReq;
axis.IN_xPowered := HW_I_xPowered;

(* start, stop, ack and running *)
HW_Q_xStartReq	:= axis.OUT_xStartReq;
HW_Q_xStopReq	:= axis.OUT_xStopReq;
axis.IN_xAck := HW_I_xAck;

axis.IN_xRunning := HW_I_xRunning;

(* ref switch *)
axis.IN_xSwitch := HW_I_xSwitch;

(* mode *)
HW_Q_wModeReq := INT_TO_WORD(axis.OUT_iModeReq);
IF axis.INTERN_xErrorStop THEN
	axis.OUT_iModeReq := 0;
END_IF;

(* position *)
tmpDINT := DWORD_TO_DINT(WORDS_OF_DWORD(LOW:= HW_I_wActualPositionL, HIGH:=HW_I_wActualPositionH));
axis.IN_rActualPosition := DINT_TO_REAL(tmpDINT) / rMicroStepsPerUnit;
HW_Q_wTargetPositionH := DWORD_OF_WORDS(IN:= REAL_TO_DWORD(axis.OUT_rTargetPosition*rMicroStepsPerUnit), LOW=>HW_Q_wTargetPositionL);

(* speed *)
axis.IN_rActualSpeed := INT_TO_REAL(WORD_TO_INT(HW_I_wActualSpeed)) / rMicroStepsPerUnit;
HW_Q_wTargetSpeed := REAL_TO_WORD(axis.OUT_rTargetSpeed * rMicroStepsPerUnit);
axis.INTERN_xStillstand := axis.IN_xPowered AND NOT axis.IN_xRunning AND axis.IN_rActualSpeed = 0.0 AND NOT axis.INTERN_xErrorStop;

(* acceleration and deceleration *)
HW_Q_wTargetAcc := REAL_TO_WORD(axis.OUT_rTargetAcc * rMicroStepsPerUnit);
HW_Q_wTargetDec := REAL_TO_WORD(axis.OUT_rTargetDec * rMicroStepsPerUnit);

(* checksum and busy*)
internChecksum := WORD_TO_INT(HW_Q_wModeReq)
+ WORD_TO_INT(HW_Q_wTargetPositionL)
+ WORD_TO_INT(HW_Q_wTargetPositionH)
+ WORD_TO_INT(HW_Q_wTargetSpeed)
+ WORD_TO_INT(HW_Q_wTargetAcc)
+ WORD_TO_INT(HW_Q_wTargetDec);
Axis.INTERN_xBusy := WORD_TO_INT(HW_I_wCheckSum) <> internChecksum; 
Axis.INTERN_xValuesOK :=Axis.INTERN_xReqValueCheck AND NOT Axis.INTERN_xBusy;

(* ready for job*)
Axis.INTERN_xReady := TOF_Connected.Q AND NOT Axis.INTERN_xErrorStop AND axis.IN_xPowered;]]></xhtml:p>
          </ST>
        </body>
      </pou>
      <pou name="WORDS_OF_DWORD" pouType="function">
        <interface>
          <returnType>
            <DWORD/>
          </returnType>
          <inputVars>
            <variable name="LOW">
              <type>
                <WORD/>
              </type>
            </variable>
            <variable name="HIGH">
              <type>
                <WORD/>
              </type>
            </variable>
          </inputVars>
          <localVars>
            <variable name="tmpint">
              <type>
                <INT/>
              </type>
            </variable>
          </localVars>
        </interface>
        <body>
          <ST>
            <xhtml:p><![CDATA[tmpint := WORD_TO_INT(SHL(HIGH, 16)) + WORD_TO_INT(LOW);
WORDS_OF_DWORD := INT_TO_DWORD(tmpint);]]></xhtml:p>
          </ST>
        </body>
      </pou>
      <pou name="DWORD_OF_WORDS" pouType="function">
        <interface>
          <returnType>
            <WORD/>
          </returnType>
          <inputVars>
            <variable name="IN">
              <type>
                <DWORD/>
              </type>
            </variable>
          </inputVars>
          <outputVars>
            <variable name="LOW">
              <type>
                <WORD/>
              </type>
            </variable>
          </outputVars>
          <localVars>
            <variable name="tmpDword">
              <type>
                <DWORD/>
              </type>
            </variable>
          </localVars>
        </interface>
        <body>
          <ST>
            <xhtml:p><![CDATA[tmpDword := SHL(IN,16);
tmpDword := SHR(tmpDword,16);
LOW := DWORD_TO_WORD(tmpDword);
DWORD_OF_WORDS := DWORD_TO_WORD( SHR(IN,16));]]></xhtml:p>
          </ST>
        </body>
      </pou>
      <pou name="MC_MoveVelocity" pouType="functionBlock">
        <interface>
          <inputVars>
            <variable name="I_xExecute">
              <type>
                <BOOL/>
              </type>
            </variable>
            <variable name="I_rVelocity">
              <type>
                <REAL/>
              </type>
            </variable>
            <variable name="I_rAcceleration">
              <type>
                <REAL/>
              </type>
            </variable>
            <variable name="I_rDeceleration">
              <type>
                <REAL/>
              </type>
            </variable>
            <variable name="I_xDirection">
              <type>
                <BOOL/>
              </type>
            </variable>
          </inputVars>
          <outputVars>
            <variable name="Q_xInVelocity">
              <type>
                <BOOL/>
              </type>
            </variable>
            <variable name="Q_xBusy">
              <type>
                <BOOL/>
              </type>
            </variable>
            <variable name="Q_xActive">
              <type>
                <BOOL/>
              </type>
            </variable>
            <variable name="Q_xError">
              <type>
                <BOOL/>
              </type>
            </variable>
          </outputVars>
          <inOutVars>
            <variable name="Axis">
              <type>
                <derived name="AXIS_REF"/>
              </type>
            </variable>
          </inOutVars>
          <localVars>
            <variable name="iState">
              <type>
                <INT/>
              </type>
            </variable>
            <variable name="inst_Timeout">
              <type>
                <derived name="FB_StepTimeout"/>
              </type>
            </variable>
          </localVars>
        </interface>
        <body>
          <ST>
            <xhtml:p><![CDATA[CASE iState OF
	(*idle*)
	0:

	IF 	Axis.INTERN_xReady
		AND I_xExecute
		AND (I_rVelocity <> 0.0)
		AND (I_rAcceleration <> 0.0)
		AND (I_rDeceleration <> 0.0)		
		AND NOT Axis.IN_xRunning 
		THEN
		iState := 10;
	END_IF;
	
	10:
	Axis.OUT_iModeReq := 30;
	
	IF I_xDirection THEN
		Axis.OUT_rTargetSpeed := I_rVelocity * - 1.0;
	ELSE
		Axis.OUT_rTargetSpeed := I_rVelocity;
	END_IF;
	
	Axis.OUT_rTargetAcc := I_rAcceleration;
	Axis.OUT_rTargetDec := I_rDeceleration;
	
	Axis.INTERN_xReqValueCheck := TRUE;
	
	IF Axis.INTERN_xValuesOK THEN
		iState := 20;
	END_IF;
	
	20:
	Axis.INTERN_xReqValueCheck := FALSE;
	Axis.OUT_xStartReq := TRUE;
	
	IF  Axis.IN_xAck THEN
		iState := 30;
		Axis.OUT_xStartReq := FALSE;
	END_IF;
	
	30:
	Axis.OUT_xStartReq := FALSE;

	
	IF NOT I_xExecute THEN
		iState := 0;
	END_IF;
	
END_CASE;


(*timeout*)
inst_Timeout(I_xEnable:= iState <> 0 , I_iStep:= iState);
IF inst_Timeout.Q_xError THEN
	iState := 0;
END_IF;
(*Error*)
IF inst_Timeout.Q_xError THEN
	Q_xError := TRUE;
	Axis.INTERN_xErrorStop := TRUE;
ELSIF Axis.INTERN_xReset THEN
	Q_xError := FALSE;
END_IF;

(* outputs*)
Q_xInVelocity := iState <> 0 AND (Axis.IN_rActualSpeed >= Axis.OUT_rTargetSpeed);
Q_xBusy := iState <> 0;
]]></xhtml:p>
          </ST>
        </body>
      </pou>
      <pou name="MC_Reset" pouType="functionBlock">
        <interface>
          <inputVars>
            <variable name="I_xExecute">
              <type>
                <BOOL/>
              </type>
            </variable>
          </inputVars>
          <outputVars>
            <variable name="Q_xDone">
              <type>
                <BOOL/>
              </type>
            </variable>
            <variable name="Q_xBusy">
              <type>
                <BOOL/>
              </type>
            </variable>
            <variable name="Q_xError">
              <type>
                <BOOL/>
              </type>
            </variable>
          </outputVars>
          <localVars>
            <variable name="ton_Error">
              <type>
                <derived name="TON"/>
              </type>
            </variable>
            <variable name="tof_Reset">
              <type>
                <derived name="TOF"/>
              </type>
            </variable>
          </localVars>
          <inOutVars>
            <variable name="Axis">
              <type>
                <derived name="AXIS_REF"/>
              </type>
            </variable>
          </inOutVars>
        </interface>
        <body>
          <ST>
            <xhtml:p><![CDATA[(* reset signal *)
tof_Reset( IN := I_xExecute, PT := t#1s);

(* timeout error *)
ton_Error(	IN		:= Axis.INTERN_xErrorStop AND Axis.INTERN_xReset, 
			PT		:= Axis.INTERN_tErrorTime);

(* reset global error *)
IF Axis.INTERN_xReset THEN
	Axis.INTERN_xErrorStop := FALSE;
END_IF;

(* set error *)			
IF ton_Error.Q THEN
	Axis.INTERN_xErrorStop := TRUE;
END_IF;

(* outputs to axis *)
Q_xDone := NOT Axis.INTERN_xErrorStop AND Axis.INTERN_xReset AND NOT ton_Error.Q;
Q_xBusy := Axis.INTERN_xErrorStop AND Axis.INTERN_xReset AND NOT ton_Error.Q;
Q_xError:= ton_Error.Q OR Axis.INTERN_xErrorStop ;

(* outputs to axis *)
Axis.INTERN_xReset := tof_Reset.Q;]]></xhtml:p>
          </ST>
        </body>
      </pou>
      <pou name="MC_Stop" pouType="functionBlock">
        <interface>
          <inputVars>
            <variable name="I_xExecute">
              <type>
                <BOOL/>
              </type>
            </variable>
            <variable name="I_rDeceleration">
              <type>
                <REAL/>
              </type>
            </variable>
          </inputVars>
          <outputVars>
            <variable name="Q_xDone">
              <type>
                <BOOL/>
              </type>
            </variable>
            <variable name="Q_xBusy">
              <type>
                <BOOL/>
              </type>
            </variable>
            <variable name="Q_xActive">
              <type>
                <BOOL/>
              </type>
            </variable>
            <variable name="Q_xError">
              <type>
                <BOOL/>
              </type>
            </variable>
          </outputVars>
          <inOutVars>
            <variable name="Axis">
              <type>
                <derived name="AXIS_REF"/>
              </type>
            </variable>
          </inOutVars>
          <localVars>
            <variable name="iState">
              <type>
                <INT/>
              </type>
            </variable>
            <variable name="inst_Timeout">
              <type>
                <derived name="FB_StepTimeout"/>
              </type>
            </variable>
          </localVars>
        </interface>
        <body>
          <ST>
            <xhtml:p><![CDATA[CASE iState OF 

	0: 

		IF Axis.INTERN_xReady 
		AND Axis.IN_xPowered 
		AND I_xExecute
		AND (I_rDeceleration <> 0.0)	 
		AND Axis.IN_xRunning
		THEN
		iState := 10;
		END_IF;
		
	10:
	Axis.OUT_iModeReq := 0;
	Axis.OUT_rTargetDec := I_rDeceleration;	
	Axis.INTERN_xReqValueCheck := TRUE;

	IF Axis.INTERN_xValuesOK THEN
		Axis.INTERN_xReqValueCheck := FALSE;
		Axis.OUT_xStopReq := TRUE;
		iState := 20;
	END_IF;

	20:
	IF Axis.IN_xAck THEN 
		Axis.OUT_xStopReq := FALSE;
		iState := 30;
	END_IF;	
	
	30:
	IF  NOT Axis.IN_xRunning THEN
		Axis.OUT_iModeReq := 0;
		iState := 40;
	END_IF;

	40:
	
	IF  NOT I_xExecute THEN
		iState := 0;
	END_IF;
	
END_CASE;


(*timeout*)
inst_Timeout(I_xEnable:= iState <> 0 , I_iStep:= iState, I_tTimeout := T#10S);
IF inst_Timeout.Q_xError THEN
	iState := 0;
END_IF;
(*Error*)
IF inst_Timeout.Q_xError THEN
	Q_xError := TRUE;
	Axis.INTERN_xErrorStop := TRUE;
ELSIF Axis.INTERN_xReset THEN
	Q_xError := FALSE;
END_IF;

(*output*)
Q_xDone := I_xExecute AND NOT Axis.IN_xRunning;
Q_xBusy := I_xExecute AND NOT Q_xDone;]]></xhtml:p>
          </ST>
        </body>
      </pou>
      <pou name="MC_ReadActualVelocity" pouType="functionBlock">
        <interface>
          <returnType>
            <BOOL/>
          </returnType>
          <inputVars>
            <variable name="I_xEnable">
              <type>
                <BOOL/>
              </type>
            </variable>
          </inputVars>
          <outputVars>
            <variable name="Q_xValid">
              <type>
                <BOOL/>
              </type>
            </variable>
            <variable name="Q_xBusy">
              <type>
                <BOOL/>
              </type>
            </variable>
            <variable name="Q_xError">
              <type>
                <BOOL/>
              </type>
            </variable>
            <variable name="Q_rVelocity">
              <type>
                <REAL/>
              </type>
            </variable>
          </outputVars>
          <inOutVars>
            <variable name="Axis">
              <type>
                <derived name="AXIS_REF"/>
              </type>
            </variable>
          </inOutVars>
        </interface>
        <body>
          <ST>
            <xhtml:p><![CDATA[IF I_xEnable THEN
  Q_rVelocity := Axis.IN_rActualSpeed;
  Q_xValid := TRUE;
else
  Q_rVelocity := 0.0;
  Q_xValid := FALSE;
end_IF;  


]]></xhtml:p>
          </ST>
        </body>
      </pou>
      <pou name="MC_MoveAbsolute" pouType="functionBlock">
        <interface>
          <inputVars>
            <variable name="I_xExecute">
              <type>
                <BOOL/>
              </type>
            </variable>
            <variable name="I_rPosition">
              <type>
                <REAL/>
              </type>
            </variable>
            <variable name="I_rVelocity">
              <type>
                <REAL/>
              </type>
            </variable>
            <variable name="I_rAcceleration">
              <type>
                <REAL/>
              </type>
            </variable>
            <variable name="I_rDeceleration">
              <type>
                <REAL/>
              </type>
            </variable>
          </inputVars>
          <outputVars>
            <variable name="Q_xDone">
              <type>
                <BOOL/>
              </type>
            </variable>
            <variable name="Q_xBusy">
              <type>
                <BOOL/>
              </type>
            </variable>
            <variable name="Q_xActive">
              <type>
                <BOOL/>
              </type>
            </variable>
            <variable name="Q_xError">
              <type>
                <BOOL/>
              </type>
            </variable>
          </outputVars>
          <inOutVars>
            <variable name="Axis">
              <type>
                <derived name="AXIS_REF"/>
              </type>
            </variable>
          </inOutVars>
          <localVars>
            <variable name="iState">
              <type>
                <INT/>
              </type>
            </variable>
            <variable name="inst_Timeout">
              <type>
                <derived name="FB_StepTimeout"/>
              </type>
            </variable>
          </localVars>
        </interface>
        <body>
          <ST>
            <xhtml:p><![CDATA[CASE iState OF
	(*idle*)
	0:

	IF 	Axis.INTERN_xReady
		AND I_xExecute
		AND (I_rVelocity <> 0.0)
		AND (I_rAcceleration <> 0.0)
		AND (I_rDeceleration <> 0.0)		
		AND NOT Axis.IN_xRunning 
		AND Axis.INTERN_xRef
		THEN
		iState := 10;
	END_IF;
	
	10:
	Axis.OUT_iModeReq := 40;
	
	Axis.OUT_rTargetPosition := I_rPosition;
	Axis.OUT_rTargetSpeed 	:= I_rVelocity;
	
	Axis.OUT_rTargetAcc 	:= I_rAcceleration;
	Axis.OUT_rTargetDec 	:= I_rDeceleration;
	
	Axis.INTERN_xReqValueCheck := TRUE;
	
	IF Axis.INTERN_xValuesOK THEN
		iState := 20;
	END_IF;
	
	20:
	Axis.INTERN_xReqValueCheck := FALSE;
	Axis.OUT_xStartReq := TRUE;
	
	IF  Axis.IN_xAck THEN
		iState := 30;
		Axis.OUT_xStartReq := FALSE;
	END_IF;
	
	30:
	Axis.OUT_xStartReq := FALSE;
	

	IF NOT I_xExecute THEN
		iState := 0;
	END_IF;
	
END_CASE;


(*timeout*)
inst_Timeout(I_xEnable:= iState <> 0 AND iState <> 30 , I_iStep:= iState);
IF inst_Timeout.Q_xError THEN
	iState := 0;
END_IF;
(*Error*)
IF inst_Timeout.Q_xError THEN
	Q_xError := TRUE;
	Axis.INTERN_xErrorStop := TRUE;
ELSIF Axis.INTERN_xReset THEN
	Q_xError := FALSE;
END_IF;



(* outputs*)
Q_xDone	:= iState <> 0 AND iState = 30 AND (axis.IN_rActualPosition = Axis.OUT_rTargetPosition);
Q_xBusy := iState <> 0;]]></xhtml:p>
          </ST>
        </body>
      </pou>
      <pou name="FB_StepTimeout" pouType="functionBlock">
        <interface>
          <inputVars>
            <variable name="I_xEnable">
              <type>
                <BOOL/>
              </type>
            </variable>
            <variable name="I_iStep">
              <type>
                <INT/>
              </type>
            </variable>
            <variable name="I_tTimeout">
              <type>
                <TIME/>
              </type>
              <initialValue>
                <simpleValue value="t#3s"/>
              </initialValue>
            </variable>
          </inputVars>
          <outputVars>
            <variable name="Q_xError">
              <type>
                <BOOL/>
              </type>
            </variable>
          </outputVars>
          <localVars>
            <variable name="ton_timeout">
              <type>
                <derived name="TON"/>
              </type>
            </variable>
            <variable name="iStep_old">
              <type>
                <INT/>
              </type>
            </variable>
            <variable name="xTrigger">
              <type>
                <BOOL/>
              </type>
            </variable>
          </localVars>
        </interface>
        <body>
          <ST>
            <xhtml:p><![CDATA[xTrigger := iStep_old = I_iStep AND I_xEnable;

ton_timeout(IN:= xTrigger , PT:=I_tTimeout);

Q_xError := ton_timeout.Q ;

iStep_old := I_iStep;]]></xhtml:p>
          </ST>
        </body>
      </pou>
      <pou name="MC_Home" pouType="functionBlock">
        <interface>
          <inputVars>
            <variable name="I_xExecute">
              <type>
                <BOOL/>
              </type>
            </variable>
            <variable name="I_rVelocity">
              <type>
                <REAL/>
              </type>
            </variable>
            <variable name="I_rAcceleration">
              <type>
                <REAL/>
              </type>
            </variable>
            <variable name="I_rDeceleration">
              <type>
                <REAL/>
              </type>
            </variable>
            <variable name="I_rPosition">
              <type>
                <REAL/>
              </type>
            </variable>
          </inputVars>
          <outputVars>
            <variable name="Q_xDone">
              <type>
                <BOOL/>
              </type>
            </variable>
            <variable name="Q_xBusy">
              <type>
                <BOOL/>
              </type>
            </variable>
            <variable name="Q_xActive">
              <type>
                <BOOL/>
              </type>
            </variable>
            <variable name="Q_xError">
              <type>
                <BOOL/>
              </type>
            </variable>
          </outputVars>
          <inOutVars>
            <variable name="Axis">
              <type>
                <derived name="AXIS_REF"/>
              </type>
            </variable>
          </inOutVars>
          <localVars>
            <variable name="iState">
              <type>
                <INT/>
              </type>
            </variable>
            <variable name="inst_Timeout">
              <type>
                <derived name="FB_StepTimeout"/>
              </type>
            </variable>
          </localVars>
        </interface>
        <body>
          <ST>
            <xhtml:p><![CDATA[CASE iState OF
	(*idle*)
	0:

	IF 	Axis.INTERN_xReady
		AND I_xExecute
		AND (I_rVelocity <> 0.0)
		AND (I_rAcceleration <> 0.0)
		AND (I_rDeceleration <> 0.0)	
		AND NOT Axis.IN_xSwitch
		AND NOT Axis.IN_xRunning 
		THEN
		iState := 10;
	END_IF;
	
	10:
	Axis.OUT_iModeReq := 20;
	
	Axis.OUT_rTargetSpeed := I_rVelocity;
	Axis.OUT_rTargetAcc := I_rAcceleration;
	Axis.OUT_rTargetDec := I_rDeceleration;
	
	Axis.INTERN_xReqValueCheck := TRUE;
	
	IF Axis.INTERN_xValuesOK THEN
		iState := 20;
	END_IF;
	
	20:
	Axis.INTERN_xReqValueCheck := FALSE;
	Axis.OUT_xStartReq := TRUE;
	
	IF  Axis.IN_xAck THEN
		iState := 30;
		Axis.OUT_xStartReq := FALSE;
	END_IF;
	
	30:
	Axis.OUT_xStartReq := FALSE;
	
	IF Axis.IN_xSwitch THEN
	iState := 40;
	END_IF;
	
	40:
	Axis.OUT_iModeReq := 21;


	Axis.OUT_rTargetSpeed := I_rVelocity/-10.0;
	Axis.OUT_rTargetAcc := I_rAcceleration;
	Axis.OUT_rTargetDec := I_rDeceleration;
	
	Axis.INTERN_xReqValueCheck := TRUE;
	
	IF Axis.INTERN_xValuesOK THEN
		iState := 50;
	END_IF;	
	
	50:
	Axis.INTERN_xReqValueCheck := FALSE;
	Axis.OUT_xStartReq := TRUE;
	Axis.OUT_rTargetPosition := I_rPosition;	
	
	IF  Axis.IN_xAck THEN
		iState := 60;
		Axis.OUT_xStartReq := FALSE;
	END_IF;	
	
	60:	
	Axis.OUT_xStartReq := FALSE;
	
	IF NOT Axis.IN_xSwitch AND NOT Axis.IN_xAck THEN
	iState := 70;
	END_IF;	
	
	70:
	Axis.OUT_rTargetPosition := I_rPosition;
	Axis.OUT_iModeReq := 22;
	Axis.OUT_xStartReq := TRUE;	

	
	IF Axis.IN_xAck THEN
		iState := 80;
	END_IF;
	
	80: 
		Axis.OUT_xStartReq := FALSE;
		Axis.OUT_iModeReq := 0;
		
	IF NOT Axis.IN_xAck THEN
		iState := 99;
	END_IF;
	
	
	99:
	Axis.INTERN_xRef := TRUE;
	Axis.OUT_iModeReq := 0;
	Axis.OUT_rTargetPosition := 0.0; 
	Axis.OUT_xStartReq := FALSE;
	IF NOT I_xExecute THEN
		iState := 0;

	END_IF;
	
END_CASE;


(*timeout*)
inst_Timeout(I_xEnable:= iState <> 0 , I_iStep:= iState, I_tTimeout:=T#20s);
IF inst_Timeout.Q_xError THEN
	iState := 0;
END_IF;
(*Error*)
IF inst_Timeout.Q_xError THEN
	Q_xError := TRUE;
	Axis.INTERN_xErrorStop := TRUE;
ELSIF Axis.INTERN_xReset THEN
	Q_xError := FALSE;
END_IF;

(* outputs*)
Q_xDone := iState = 99;
Q_xBusy := iState <> 0;]]></xhtml:p>
          </ST>
        </body>
      </pou>
    </pous>
  </types>
  <instances>
    <configurations>
      <configuration name="Config0">
        <resource name="Res0">
          <task name="task0" priority="0" interval="T#20ms">
            <pouInstance name="instance0" typeName="PRG_MAIN"/>
          </task>
        </resource>
      </configuration>
    </configurations>
  </instances>
</project>
